text,label
Urgent verify your account now by clicking the login link to avoid suspension,1
Security alert unusual activity detected confirm identity immediately,1
Your password expires today click here to keep access,1
Payment failed update your billing information immediately,1
Account suspended verify your account and password now,1
You won a gift card click here and enter your login details,1
Urgent wire transfer request please process payment today,1
Microsoft security alert login immediately to verify mailbox,1
PayPal account limited confirm identity and payment information,1
Your bank account has unusual activity click here to validate,1
Office365 password expires verify your account through this secure link,1
Delivery problem payment failed confirm your address and card,1
Final notice your account will be closed unless you verify now,1
Shared document requires urgent login enter your password to view,1
Tax refund available click here to claim and confirm banking details,1
Invoice overdue open the link and sign in immediately,1
Unusual sign in detected verify your credentials now,1
CEO request urgent gift card purchase send codes immediately,1
Payroll update confirm identity and bank details using this link,1
Mailbox quota exceeded click here and login to increase storage,1
Suspicious transaction detected account suspended until verification,1
Reset your password immediately using the attached security link,1
Your package is held payment required click here to release,1
Bank security alert confirm your identity and account number,1
Cloud storage file shared login immediately to view confidential document,1
Urgent HR notice confirm payroll credentials before deadline,1
Netflix payment failed update card details to prevent cancellation,1
Apple ID locked verify your account immediately,1
Google account security alert click here to confirm identity,1
LinkedIn unusual activity detected reset password through this link,1
Dropbox file waiting sign in now to download,1
Amazon payment declined confirm billing information immediately,1
Account verification required enter email password and security answer,1
Important notice your mailbox will be disabled today verify now,1
Prize winner claim reward by confirming personal details,1
Cryptocurrency wallet security notice urgent login required,1
Supplier changed bank details urgent wire transfer requested,1
Voicemail received click the link and sign in to listen,1
Document signature required login with Microsoft credentials,1
Password reset request verify identity by entering current password,1
Team meeting moved to Tuesday at 10am in conference room B,0
Please review the attached project agenda before tomorrow's meeting,0
Your monthly statement is now available in the official mobile application,0
Thanks for your purchase your order has been shipped,0
Weekly class announcement lecture slides are available on Moodle,0
Lunch booking confirmed for Friday at 12:30,0
Project status update frontend tasks are complete and testing starts tomorrow,0
Reminder submit your timesheet by Friday using the company portal,0
Your appointment is confirmed for next Monday at 3pm,0
Here are the notes from today's cybersecurity workshop,0
Welcome to the team orientation begins at 9am on Monday,0
Invoice 1042 is attached for the services completed last month,0
The library book you requested is ready for collection,0
Your reservation has been confirmed reference number 8832,0
Please find the approved meeting minutes attached,0
Course feedback survey is open in the student portal,0
The software release has been deployed successfully to staging,0
Happy birthday from everyone in the department,0
Your support ticket has been updated with a response,0
Monthly newsletter October edition is now available,0
The report draft is ready for peer review in the shared folder,0
Reminder the office will close early on public holiday eve,0
Your flight itinerary is attached for your records,0
The finance team approved the purchase order this morning,0
Please attend the scheduled training session on Wednesday,0
The build passed all automated tests in the development environment,0
Thank you for registering for the webinar next week,0
Your electricity bill has been generated and can be viewed in the official app,0
The customer requested a small change to the homepage layout,0
Minutes from the sprint retrospective are attached,0
Your password was changed successfully if this was you no action is required,0
Reminder to bring identification to your scheduled appointment,0
The new policy document is available on the internal intranet,0
Your order is ready for pickup at the selected store,0
The research group meeting agenda has been updated,0
Class has been moved online due to room maintenance,0
Please review the pull request when you have time,0
Your leave request was approved by your manager,0
The system maintenance window starts Saturday at midnight,0
Thanks for submitting the assignment successfully,0
